full_repository_name,name,user_type,created_at,pushed_at,updated_at,default_branch,description,open_issues,open_issues_count,visibility,watchers,watchers_count,is_disabled,is_archieved,languages_url,contributors_url,user name,state,contributions_count,language,language_count
micahcochran/asciinema-player,asciinema-player,User,2023-02-27T03:14:39Z,2023-02-27T04:53:40Z,2023-02-25T11:56:25Z,develop,Web player for terminal session recordings,0,0,public,0,0,False,False,https://api.github.com/repos/micahcochran/asciinema-player/languages,https://api.github.com/repos/micahcochran/asciinema-player/contributors,micahcochran,Alabama,948,JavaScript,48036.0
micahcochran/asciinema-player,asciinema-player,User,2023-02-27T03:14:39Z,2023-02-27T04:53:40Z,2023-02-25T11:56:25Z,develop,Web player for terminal session recordings,0,0,public,0,0,False,False,https://api.github.com/repos/micahcochran/asciinema-player/languages,https://api.github.com/repos/micahcochran/asciinema-player/contributors,micahcochran,Alabama,948,Less,38382.0
micahcochran/asciinema-player,asciinema-player,User,2023-02-27T03:14:39Z,2023-02-27T04:53:40Z,2023-02-25T11:56:25Z,develop,Web player for terminal session recordings,0,0,public,0,0,False,False,https://api.github.com/repos/micahcochran/asciinema-player/languages,https://api.github.com/repos/micahcochran/asciinema-player/contributors,micahcochran,Alabama,948,Rust,1632.0
micahcochran/asciinema-player,asciinema-player,User,2023-02-27T03:14:39Z,2023-02-27T04:53:40Z,2023-02-25T11:56:25Z,develop,Web player for terminal session recordings,0,0,public,0,0,False,False,https://api.github.com/repos/micahcochran/asciinema-player/languages,https://api.github.com/repos/micahcochran/asciinema-player/contributors,micahcochran,Alabama,948,Makefile,84.0
micahcochran/asciinema-player,asciinema-player,User,2023-02-27T03:14:39Z,2023-02-27T04:53:40Z,2023-02-25T11:56:25Z,develop,Web player for terminal session recordings,0,0,public,0,0,False,False,https://api.github.com/repos/micahcochran/asciinema-player/languages,https://api.github.com/repos/micahcochran/asciinema-player/contributors,micahcochran,Alabama,948,Python,
micahcochran/asciinema-player,asciinema-player,User,2023-02-27T03:14:39Z,2023-02-27T04:53:40Z,2023-02-25T11:56:25Z,develop,Web player for terminal session recordings,0,0,public,0,0,False,False,https://api.github.com/repos/micahcochran/asciinema-player/languages,https://api.github.com/repos/micahcochran/asciinema-player/contributors,micahcochran,Alabama,948,Shell,
micahcochran/asciinema-player,asciinema-player,User,2023-02-27T03:14:39Z,2023-02-27T04:53:40Z,2023-02-25T11:56:25Z,develop,Web player for terminal session recordings,0,0,public,0,0,False,False,https://api.github.com/repos/micahcochran/asciinema-player/languages,https://api.github.com/repos/micahcochran/asciinema-player/contributors,micahcochran,Alabama,948,HTML,
micahcochran/asciinema-player,asciinema-player,User,2023-02-27T03:14:39Z,2023-02-27T04:53:40Z,2023-02-25T11:56:25Z,develop,Web player for terminal session recordings,0,0,public,0,0,False,False,https://api.github.com/repos/micahcochran/asciinema-player/languages,https://api.github.com/repos/micahcochran/asciinema-player/contributors,micahcochran,Alabama,948,CSS,
micahcochran/asciinema-player,asciinema-player,User,2023-02-27T03:14:39Z,2023-02-27T04:53:40Z,2023-02-25T11:56:25Z,develop,Web player for terminal session recordings,0,0,public,0,0,False,False,https://api.github.com/repos/micahcochran/asciinema-player/languages,https://api.github.com/repos/micahcochran/asciinema-player/contributors,micahcochran,Alabama,948,Jupyter Notebook,
micahcochran/asciinema-player,asciinema-player,User,2023-02-27T03:14:39Z,2023-02-27T04:53:40Z,2023-02-25T11:56:25Z,develop,Web player for terminal session recordings,0,0,public,0,0,False,False,https://api.github.com/repos/micahcochran/asciinema-player/languages,https://api.github.com/repos/micahcochran/asciinema-player/contributors,micahcochran,Alabama,948,EJS,
micahcochran/cfr-to-wikisource,cfr-to-wikisource,User,2018-06-09T22:33:15Z,2019-03-17T05:18:29Z,2022-09-09T15:46:01Z,master,Scripts that convert Code of Federal Regulations XML into Wikisource,0,0,public,2,2,False,False,https://api.github.com/repos/micahcochran/cfr-to-wikisource/languages,https://api.github.com/repos/micahcochran/cfr-to-wikisource/contributors,micahcochran,Alabama,6,JavaScript,
micahcochran/cfr-to-wikisource,cfr-to-wikisource,User,2018-06-09T22:33:15Z,2019-03-17T05:18:29Z,2022-09-09T15:46:01Z,master,Scripts that convert Code of Federal Regulations XML into Wikisource,0,0,public,2,2,False,False,https://api.github.com/repos/micahcochran/cfr-to-wikisource/languages,https://api.github.com/repos/micahcochran/cfr-to-wikisource/contributors,micahcochran,Alabama,6,Less,
micahcochran/cfr-to-wikisource,cfr-to-wikisource,User,2018-06-09T22:33:15Z,2019-03-17T05:18:29Z,2022-09-09T15:46:01Z,master,Scripts that convert Code of Federal Regulations XML into Wikisource,0,0,public,2,2,False,False,https://api.github.com/repos/micahcochran/cfr-to-wikisource/languages,https://api.github.com/repos/micahcochran/cfr-to-wikisource/contributors,micahcochran,Alabama,6,Rust,
micahcochran/cfr-to-wikisource,cfr-to-wikisource,User,2018-06-09T22:33:15Z,2019-03-17T05:18:29Z,2022-09-09T15:46:01Z,master,Scripts that convert Code of Federal Regulations XML into Wikisource,0,0,public,2,2,False,False,https://api.github.com/repos/micahcochran/cfr-to-wikisource/languages,https://api.github.com/repos/micahcochran/cfr-to-wikisource/contributors,micahcochran,Alabama,6,Makefile,
micahcochran/cfr-to-wikisource,cfr-to-wikisource,User,2018-06-09T22:33:15Z,2019-03-17T05:18:29Z,2022-09-09T15:46:01Z,master,Scripts that convert Code of Federal Regulations XML into Wikisource,0,0,public,2,2,False,False,https://api.github.com/repos/micahcochran/cfr-to-wikisource/languages,https://api.github.com/repos/micahcochran/cfr-to-wikisource/contributors,micahcochran,Alabama,6,Python,6199.0
micahcochran/cfr-to-wikisource,cfr-to-wikisource,User,2018-06-09T22:33:15Z,2019-03-17T05:18:29Z,2022-09-09T15:46:01Z,master,Scripts that convert Code of Federal Regulations XML into Wikisource,0,0,public,2,2,False,False,https://api.github.com/repos/micahcochran/cfr-to-wikisource/languages,https://api.github.com/repos/micahcochran/cfr-to-wikisource/contributors,micahcochran,Alabama,6,Shell,
micahcochran/cfr-to-wikisource,cfr-to-wikisource,User,2018-06-09T22:33:15Z,2019-03-17T05:18:29Z,2022-09-09T15:46:01Z,master,Scripts that convert Code of Federal Regulations XML into Wikisource,0,0,public,2,2,False,False,https://api.github.com/repos/micahcochran/cfr-to-wikisource/languages,https://api.github.com/repos/micahcochran/cfr-to-wikisource/contributors,micahcochran,Alabama,6,HTML,
micahcochran/cfr-to-wikisource,cfr-to-wikisource,User,2018-06-09T22:33:15Z,2019-03-17T05:18:29Z,2022-09-09T15:46:01Z,master,Scripts that convert Code of Federal Regulations XML into Wikisource,0,0,public,2,2,False,False,https://api.github.com/repos/micahcochran/cfr-to-wikisource/languages,https://api.github.com/repos/micahcochran/cfr-to-wikisource/contributors,micahcochran,Alabama,6,CSS,
micahcochran/cfr-to-wikisource,cfr-to-wikisource,User,2018-06-09T22:33:15Z,2019-03-17T05:18:29Z,2022-09-09T15:46:01Z,master,Scripts that convert Code of Federal Regulations XML into Wikisource,0,0,public,2,2,False,False,https://api.github.com/repos/micahcochran/cfr-to-wikisource/languages,https://api.github.com/repos/micahcochran/cfr-to-wikisource/contributors,micahcochran,Alabama,6,Jupyter Notebook,
micahcochran/cfr-to-wikisource,cfr-to-wikisource,User,2018-06-09T22:33:15Z,2019-03-17T05:18:29Z,2022-09-09T15:46:01Z,master,Scripts that convert Code of Federal Regulations XML into Wikisource,0,0,public,2,2,False,False,https://api.github.com/repos/micahcochran/cfr-to-wikisource/languages,https://api.github.com/repos/micahcochran/cfr-to-wikisource/contributors,micahcochran,Alabama,6,EJS,
micahcochran/combined_municipal_limits_geoprocessing,combined_municipal_limits_geoprocessing,User,2023-05-01T18:49:55Z,2023-05-04T18:45:01Z,2023-05-01T18:52:08Z,main,"ETL script that combines multiple City Limits layers into a unified schema for Limestone County (Alabama, USA)",0,0,public,0,0,False,False,https://api.github.com/repos/micahcochran/combined_municipal_limits_geoprocessing/languages,https://api.github.com/repos/micahcochran/combined_municipal_limits_geoprocessing/contributors,micahcochran,Alabama,2,JavaScript,
micahcochran/combined_municipal_limits_geoprocessing,combined_municipal_limits_geoprocessing,User,2023-05-01T18:49:55Z,2023-05-04T18:45:01Z,2023-05-01T18:52:08Z,main,"ETL script that combines multiple City Limits layers into a unified schema for Limestone County (Alabama, USA)",0,0,public,0,0,False,False,https://api.github.com/repos/micahcochran/combined_municipal_limits_geoprocessing/languages,https://api.github.com/repos/micahcochran/combined_municipal_limits_geoprocessing/contributors,micahcochran,Alabama,2,Less,
micahcochran/combined_municipal_limits_geoprocessing,combined_municipal_limits_geoprocessing,User,2023-05-01T18:49:55Z,2023-05-04T18:45:01Z,2023-05-01T18:52:08Z,main,"ETL script that combines multiple City Limits layers into a unified schema for Limestone County (Alabama, USA)",0,0,public,0,0,False,False,https://api.github.com/repos/micahcochran/combined_municipal_limits_geoprocessing/languages,https://api.github.com/repos/micahcochran/combined_municipal_limits_geoprocessing/contributors,micahcochran,Alabama,2,Rust,
micahcochran/combined_municipal_limits_geoprocessing,combined_municipal_limits_geoprocessing,User,2023-05-01T18:49:55Z,2023-05-04T18:45:01Z,2023-05-01T18:52:08Z,main,"ETL script that combines multiple City Limits layers into a unified schema for Limestone County (Alabama, USA)",0,0,public,0,0,False,False,https://api.github.com/repos/micahcochran/combined_municipal_limits_geoprocessing/languages,https://api.github.com/repos/micahcochran/combined_municipal_limits_geoprocessing/contributors,micahcochran,Alabama,2,Makefile,
micahcochran/combined_municipal_limits_geoprocessing,combined_municipal_limits_geoprocessing,User,2023-05-01T18:49:55Z,2023-05-04T18:45:01Z,2023-05-01T18:52:08Z,main,"ETL script that combines multiple City Limits layers into a unified schema for Limestone County (Alabama, USA)",0,0,public,0,0,False,False,https://api.github.com/repos/micahcochran/combined_municipal_limits_geoprocessing/languages,https://api.github.com/repos/micahcochran/combined_municipal_limits_geoprocessing/contributors,micahcochran,Alabama,2,Python,26814.0
micahcochran/combined_municipal_limits_geoprocessing,combined_municipal_limits_geoprocessing,User,2023-05-01T18:49:55Z,2023-05-04T18:45:01Z,2023-05-01T18:52:08Z,main,"ETL script that combines multiple City Limits layers into a unified schema for Limestone County (Alabama, USA)",0,0,public,0,0,False,False,https://api.github.com/repos/micahcochran/combined_municipal_limits_geoprocessing/languages,https://api.github.com/repos/micahcochran/combined_municipal_limits_geoprocessing/contributors,micahcochran,Alabama,2,Shell,262.0
micahcochran/combined_municipal_limits_geoprocessing,combined_municipal_limits_geoprocessing,User,2023-05-01T18:49:55Z,2023-05-04T18:45:01Z,2023-05-01T18:52:08Z,main,"ETL script that combines multiple City Limits layers into a unified schema for Limestone County (Alabama, USA)",0,0,public,0,0,False,False,https://api.github.com/repos/micahcochran/combined_municipal_limits_geoprocessing/languages,https://api.github.com/repos/micahcochran/combined_municipal_limits_geoprocessing/contributors,micahcochran,Alabama,2,HTML,
micahcochran/combined_municipal_limits_geoprocessing,combined_municipal_limits_geoprocessing,User,2023-05-01T18:49:55Z,2023-05-04T18:45:01Z,2023-05-01T18:52:08Z,main,"ETL script that combines multiple City Limits layers into a unified schema for Limestone County (Alabama, USA)",0,0,public,0,0,False,False,https://api.github.com/repos/micahcochran/combined_municipal_limits_geoprocessing/languages,https://api.github.com/repos/micahcochran/combined_municipal_limits_geoprocessing/contributors,micahcochran,Alabama,2,CSS,
micahcochran/combined_municipal_limits_geoprocessing,combined_municipal_limits_geoprocessing,User,2023-05-01T18:49:55Z,2023-05-04T18:45:01Z,2023-05-01T18:52:08Z,main,"ETL script that combines multiple City Limits layers into a unified schema for Limestone County (Alabama, USA)",0,0,public,0,0,False,False,https://api.github.com/repos/micahcochran/combined_municipal_limits_geoprocessing/languages,https://api.github.com/repos/micahcochran/combined_municipal_limits_geoprocessing/contributors,micahcochran,Alabama,2,Jupyter Notebook,
micahcochran/combined_municipal_limits_geoprocessing,combined_municipal_limits_geoprocessing,User,2023-05-01T18:49:55Z,2023-05-04T18:45:01Z,2023-05-01T18:52:08Z,main,"ETL script that combines multiple City Limits layers into a unified schema for Limestone County (Alabama, USA)",0,0,public,0,0,False,False,https://api.github.com/repos/micahcochran/combined_municipal_limits_geoprocessing/languages,https://api.github.com/repos/micahcochran/combined_municipal_limits_geoprocessing/contributors,micahcochran,Alabama,2,EJS,
micahcochran/cs621-final-project,cs621-final-project,User,2022-07-31T02:41:07Z,2023-05-23T00:08:36Z,2023-03-31T21:47:44Z,main,CS621 - Final Project - Legal Text Website,0,0,public,0,0,False,False,https://api.github.com/repos/micahcochran/cs621-final-project/languages,https://api.github.com/repos/micahcochran/cs621-final-project/contributors,micahcochran,Alabama,21,JavaScript,
micahcochran/cs621-final-project,cs621-final-project,User,2022-07-31T02:41:07Z,2023-05-23T00:08:36Z,2023-03-31T21:47:44Z,main,CS621 - Final Project - Legal Text Website,0,0,public,0,0,False,False,https://api.github.com/repos/micahcochran/cs621-final-project/languages,https://api.github.com/repos/micahcochran/cs621-final-project/contributors,micahcochran,Alabama,21,Less,
micahcochran/cs621-final-project,cs621-final-project,User,2022-07-31T02:41:07Z,2023-05-23T00:08:36Z,2023-03-31T21:47:44Z,main,CS621 - Final Project - Legal Text Website,0,0,public,0,0,False,False,https://api.github.com/repos/micahcochran/cs621-final-project/languages,https://api.github.com/repos/micahcochran/cs621-final-project/contributors,micahcochran,Alabama,21,Rust,
micahcochran/cs621-final-project,cs621-final-project,User,2022-07-31T02:41:07Z,2023-05-23T00:08:36Z,2023-03-31T21:47:44Z,main,CS621 - Final Project - Legal Text Website,0,0,public,0,0,False,False,https://api.github.com/repos/micahcochran/cs621-final-project/languages,https://api.github.com/repos/micahcochran/cs621-final-project/contributors,micahcochran,Alabama,21,Makefile,
micahcochran/cs621-final-project,cs621-final-project,User,2022-07-31T02:41:07Z,2023-05-23T00:08:36Z,2023-03-31T21:47:44Z,main,CS621 - Final Project - Legal Text Website,0,0,public,0,0,False,False,https://api.github.com/repos/micahcochran/cs621-final-project/languages,https://api.github.com/repos/micahcochran/cs621-final-project/contributors,micahcochran,Alabama,21,Python,16381.0
micahcochran/cs621-final-project,cs621-final-project,User,2022-07-31T02:41:07Z,2023-05-23T00:08:36Z,2023-03-31T21:47:44Z,main,CS621 - Final Project - Legal Text Website,0,0,public,0,0,False,False,https://api.github.com/repos/micahcochran/cs621-final-project/languages,https://api.github.com/repos/micahcochran/cs621-final-project/contributors,micahcochran,Alabama,21,Shell,
micahcochran/cs621-final-project,cs621-final-project,User,2022-07-31T02:41:07Z,2023-05-23T00:08:36Z,2023-03-31T21:47:44Z,main,CS621 - Final Project - Legal Text Website,0,0,public,0,0,False,False,https://api.github.com/repos/micahcochran/cs621-final-project/languages,https://api.github.com/repos/micahcochran/cs621-final-project/contributors,micahcochran,Alabama,21,HTML,12086.0
micahcochran/cs621-final-project,cs621-final-project,User,2022-07-31T02:41:07Z,2023-05-23T00:08:36Z,2023-03-31T21:47:44Z,main,CS621 - Final Project - Legal Text Website,0,0,public,0,0,False,False,https://api.github.com/repos/micahcochran/cs621-final-project/languages,https://api.github.com/repos/micahcochran/cs621-final-project/contributors,micahcochran,Alabama,21,CSS,1976.0
micahcochran/cs621-final-project,cs621-final-project,User,2022-07-31T02:41:07Z,2023-05-23T00:08:36Z,2023-03-31T21:47:44Z,main,CS621 - Final Project - Legal Text Website,0,0,public,0,0,False,False,https://api.github.com/repos/micahcochran/cs621-final-project/languages,https://api.github.com/repos/micahcochran/cs621-final-project/contributors,micahcochran,Alabama,21,Jupyter Notebook,
micahcochran/cs621-final-project,cs621-final-project,User,2022-07-31T02:41:07Z,2023-05-23T00:08:36Z,2023-03-31T21:47:44Z,main,CS621 - Final Project - Legal Text Website,0,0,public,0,0,False,False,https://api.github.com/repos/micahcochran/cs621-final-project/languages,https://api.github.com/repos/micahcochran/cs621-final-project/contributors,micahcochran,Alabama,21,EJS,
micahcochran/cs662-qa-land-dev-law-sys,cs662-qa-land-dev-law-sys,User,2022-10-24T18:39:55Z,2023-05-20T19:08:12Z,2023-09-21T14:03:17Z,main,Question Answering system for Zoning Ordinance Laws,0,0,public,1,1,False,False,https://api.github.com/repos/micahcochran/cs662-qa-land-dev-law-sys/languages,https://api.github.com/repos/micahcochran/cs662-qa-land-dev-law-sys/contributors,micahcochran,Alabama,105,JavaScript,
micahcochran/cs662-qa-land-dev-law-sys,cs662-qa-land-dev-law-sys,User,2022-10-24T18:39:55Z,2023-05-20T19:08:12Z,2023-09-21T14:03:17Z,main,Question Answering system for Zoning Ordinance Laws,0,0,public,1,1,False,False,https://api.github.com/repos/micahcochran/cs662-qa-land-dev-law-sys/languages,https://api.github.com/repos/micahcochran/cs662-qa-land-dev-law-sys/contributors,micahcochran,Alabama,105,Less,
micahcochran/cs662-qa-land-dev-law-sys,cs662-qa-land-dev-law-sys,User,2022-10-24T18:39:55Z,2023-05-20T19:08:12Z,2023-09-21T14:03:17Z,main,Question Answering system for Zoning Ordinance Laws,0,0,public,1,1,False,False,https://api.github.com/repos/micahcochran/cs662-qa-land-dev-law-sys/languages,https://api.github.com/repos/micahcochran/cs662-qa-land-dev-law-sys/contributors,micahcochran,Alabama,105,Rust,
micahcochran/cs662-qa-land-dev-law-sys,cs662-qa-land-dev-law-sys,User,2022-10-24T18:39:55Z,2023-05-20T19:08:12Z,2023-09-21T14:03:17Z,main,Question Answering system for Zoning Ordinance Laws,0,0,public,1,1,False,False,https://api.github.com/repos/micahcochran/cs662-qa-land-dev-law-sys/languages,https://api.github.com/repos/micahcochran/cs662-qa-land-dev-law-sys/contributors,micahcochran,Alabama,105,Makefile,
micahcochran/cs662-qa-land-dev-law-sys,cs662-qa-land-dev-law-sys,User,2022-10-24T18:39:55Z,2023-05-20T19:08:12Z,2023-09-21T14:03:17Z,main,Question Answering system for Zoning Ordinance Laws,0,0,public,1,1,False,False,https://api.github.com/repos/micahcochran/cs662-qa-land-dev-law-sys/languages,https://api.github.com/repos/micahcochran/cs662-qa-land-dev-law-sys/contributors,micahcochran,Alabama,105,Python,151793.0
micahcochran/cs662-qa-land-dev-law-sys,cs662-qa-land-dev-law-sys,User,2022-10-24T18:39:55Z,2023-05-20T19:08:12Z,2023-09-21T14:03:17Z,main,Question Answering system for Zoning Ordinance Laws,0,0,public,1,1,False,False,https://api.github.com/repos/micahcochran/cs662-qa-land-dev-law-sys/languages,https://api.github.com/repos/micahcochran/cs662-qa-land-dev-law-sys/contributors,micahcochran,Alabama,105,Shell,
micahcochran/cs662-qa-land-dev-law-sys,cs662-qa-land-dev-law-sys,User,2022-10-24T18:39:55Z,2023-05-20T19:08:12Z,2023-09-21T14:03:17Z,main,Question Answering system for Zoning Ordinance Laws,0,0,public,1,1,False,False,https://api.github.com/repos/micahcochran/cs662-qa-land-dev-law-sys/languages,https://api.github.com/repos/micahcochran/cs662-qa-land-dev-law-sys/contributors,micahcochran,Alabama,105,HTML,
micahcochran/cs662-qa-land-dev-law-sys,cs662-qa-land-dev-law-sys,User,2022-10-24T18:39:55Z,2023-05-20T19:08:12Z,2023-09-21T14:03:17Z,main,Question Answering system for Zoning Ordinance Laws,0,0,public,1,1,False,False,https://api.github.com/repos/micahcochran/cs662-qa-land-dev-law-sys/languages,https://api.github.com/repos/micahcochran/cs662-qa-land-dev-law-sys/contributors,micahcochran,Alabama,105,CSS,
micahcochran/cs662-qa-land-dev-law-sys,cs662-qa-land-dev-law-sys,User,2022-10-24T18:39:55Z,2023-05-20T19:08:12Z,2023-09-21T14:03:17Z,main,Question Answering system for Zoning Ordinance Laws,0,0,public,1,1,False,False,https://api.github.com/repos/micahcochran/cs662-qa-land-dev-law-sys/languages,https://api.github.com/repos/micahcochran/cs662-qa-land-dev-law-sys/contributors,micahcochran,Alabama,105,Jupyter Notebook,1027460.0
micahcochran/cs662-qa-land-dev-law-sys,cs662-qa-land-dev-law-sys,User,2022-10-24T18:39:55Z,2023-05-20T19:08:12Z,2023-09-21T14:03:17Z,main,Question Answering system for Zoning Ordinance Laws,0,0,public,1,1,False,False,https://api.github.com/repos/micahcochran/cs662-qa-land-dev-law-sys/languages,https://api.github.com/repos/micahcochran/cs662-qa-land-dev-law-sys/contributors,micahcochran,Alabama,105,EJS,
micahcochran/Geospatial-Python-Packages-for-OSGeo4W,Geospatial-Python-Packages-for-OSGeo4W,User,2015-12-09T20:50:43Z,2016-06-24T19:17:21Z,2022-02-18T20:56:18Z,master,notes on installing some Python packages for the OSGeo4W environment,0,0,public,1,1,False,False,https://api.github.com/repos/micahcochran/Geospatial-Python-Packages-for-OSGeo4W/languages,https://api.github.com/repos/micahcochran/Geospatial-Python-Packages-for-OSGeo4W/contributors,micahcochran,Alabama,10,JavaScript,
micahcochran/Geospatial-Python-Packages-for-OSGeo4W,Geospatial-Python-Packages-for-OSGeo4W,User,2015-12-09T20:50:43Z,2016-06-24T19:17:21Z,2022-02-18T20:56:18Z,master,notes on installing some Python packages for the OSGeo4W environment,0,0,public,1,1,False,False,https://api.github.com/repos/micahcochran/Geospatial-Python-Packages-for-OSGeo4W/languages,https://api.github.com/repos/micahcochran/Geospatial-Python-Packages-for-OSGeo4W/contributors,micahcochran,Alabama,10,Less,
micahcochran/Geospatial-Python-Packages-for-OSGeo4W,Geospatial-Python-Packages-for-OSGeo4W,User,2015-12-09T20:50:43Z,2016-06-24T19:17:21Z,2022-02-18T20:56:18Z,master,notes on installing some Python packages for the OSGeo4W environment,0,0,public,1,1,False,False,https://api.github.com/repos/micahcochran/Geospatial-Python-Packages-for-OSGeo4W/languages,https://api.github.com/repos/micahcochran/Geospatial-Python-Packages-for-OSGeo4W/contributors,micahcochran,Alabama,10,Rust,
micahcochran/Geospatial-Python-Packages-for-OSGeo4W,Geospatial-Python-Packages-for-OSGeo4W,User,2015-12-09T20:50:43Z,2016-06-24T19:17:21Z,2022-02-18T20:56:18Z,master,notes on installing some Python packages for the OSGeo4W environment,0,0,public,1,1,False,False,https://api.github.com/repos/micahcochran/Geospatial-Python-Packages-for-OSGeo4W/languages,https://api.github.com/repos/micahcochran/Geospatial-Python-Packages-for-OSGeo4W/contributors,micahcochran,Alabama,10,Makefile,
micahcochran/Geospatial-Python-Packages-for-OSGeo4W,Geospatial-Python-Packages-for-OSGeo4W,User,2015-12-09T20:50:43Z,2016-06-24T19:17:21Z,2022-02-18T20:56:18Z,master,notes on installing some Python packages for the OSGeo4W environment,0,0,public,1,1,False,False,https://api.github.com/repos/micahcochran/Geospatial-Python-Packages-for-OSGeo4W/languages,https://api.github.com/repos/micahcochran/Geospatial-Python-Packages-for-OSGeo4W/contributors,micahcochran,Alabama,10,Python,
micahcochran/Geospatial-Python-Packages-for-OSGeo4W,Geospatial-Python-Packages-for-OSGeo4W,User,2015-12-09T20:50:43Z,2016-06-24T19:17:21Z,2022-02-18T20:56:18Z,master,notes on installing some Python packages for the OSGeo4W environment,0,0,public,1,1,False,False,https://api.github.com/repos/micahcochran/Geospatial-Python-Packages-for-OSGeo4W/languages,https://api.github.com/repos/micahcochran/Geospatial-Python-Packages-for-OSGeo4W/contributors,micahcochran,Alabama,10,Shell,
micahcochran/Geospatial-Python-Packages-for-OSGeo4W,Geospatial-Python-Packages-for-OSGeo4W,User,2015-12-09T20:50:43Z,2016-06-24T19:17:21Z,2022-02-18T20:56:18Z,master,notes on installing some Python packages for the OSGeo4W environment,0,0,public,1,1,False,False,https://api.github.com/repos/micahcochran/Geospatial-Python-Packages-for-OSGeo4W/languages,https://api.github.com/repos/micahcochran/Geospatial-Python-Packages-for-OSGeo4W/contributors,micahcochran,Alabama,10,HTML,
micahcochran/Geospatial-Python-Packages-for-OSGeo4W,Geospatial-Python-Packages-for-OSGeo4W,User,2015-12-09T20:50:43Z,2016-06-24T19:17:21Z,2022-02-18T20:56:18Z,master,notes on installing some Python packages for the OSGeo4W environment,0,0,public,1,1,False,False,https://api.github.com/repos/micahcochran/Geospatial-Python-Packages-for-OSGeo4W/languages,https://api.github.com/repos/micahcochran/Geospatial-Python-Packages-for-OSGeo4W/contributors,micahcochran,Alabama,10,CSS,11345.0
micahcochran/Geospatial-Python-Packages-for-OSGeo4W,Geospatial-Python-Packages-for-OSGeo4W,User,2015-12-09T20:50:43Z,2016-06-24T19:17:21Z,2022-02-18T20:56:18Z,master,notes on installing some Python packages for the OSGeo4W environment,0,0,public,1,1,False,False,https://api.github.com/repos/micahcochran/Geospatial-Python-Packages-for-OSGeo4W/languages,https://api.github.com/repos/micahcochran/Geospatial-Python-Packages-for-OSGeo4W/contributors,micahcochran,Alabama,10,Jupyter Notebook,
micahcochran/Geospatial-Python-Packages-for-OSGeo4W,Geospatial-Python-Packages-for-OSGeo4W,User,2015-12-09T20:50:43Z,2016-06-24T19:17:21Z,2022-02-18T20:56:18Z,master,notes on installing some Python packages for the OSGeo4W environment,0,0,public,1,1,False,False,https://api.github.com/repos/micahcochran/Geospatial-Python-Packages-for-OSGeo4W/languages,https://api.github.com/repos/micahcochran/Geospatial-Python-Packages-for-OSGeo4W/contributors,micahcochran,Alabama,10,EJS,21658.0
micahcochran/GeospatialTestData,GeospatialTestData,User,2015-12-11T20:34:45Z,2015-12-11T20:44:27Z,2015-12-11T20:34:45Z,master,Geospatial Data that tests edge cases.,0,0,public,0,0,False,False,https://api.github.com/repos/micahcochran/GeospatialTestData/languages,https://api.github.com/repos/micahcochran/GeospatialTestData/contributors,micahcochran,Alabama,1,JavaScript,1228.0
micahcochran/GeospatialTestData,GeospatialTestData,User,2015-12-11T20:34:45Z,2015-12-11T20:44:27Z,2015-12-11T20:34:45Z,master,Geospatial Data that tests edge cases.,0,0,public,0,0,False,False,https://api.github.com/repos/micahcochran/GeospatialTestData/languages,https://api.github.com/repos/micahcochran/GeospatialTestData/contributors,micahcochran,Alabama,1,Less,
micahcochran/GeospatialTestData,GeospatialTestData,User,2015-12-11T20:34:45Z,2015-12-11T20:44:27Z,2015-12-11T20:34:45Z,master,Geospatial Data that tests edge cases.,0,0,public,0,0,False,False,https://api.github.com/repos/micahcochran/GeospatialTestData/languages,https://api.github.com/repos/micahcochran/GeospatialTestData/contributors,micahcochran,Alabama,1,Rust,
micahcochran/GeospatialTestData,GeospatialTestData,User,2015-12-11T20:34:45Z,2015-12-11T20:44:27Z,2015-12-11T20:34:45Z,master,Geospatial Data that tests edge cases.,0,0,public,0,0,False,False,https://api.github.com/repos/micahcochran/GeospatialTestData/languages,https://api.github.com/repos/micahcochran/GeospatialTestData/contributors,micahcochran,Alabama,1,Makefile,
micahcochran/GeospatialTestData,GeospatialTestData,User,2015-12-11T20:34:45Z,2015-12-11T20:44:27Z,2015-12-11T20:34:45Z,master,Geospatial Data that tests edge cases.,0,0,public,0,0,False,False,https://api.github.com/repos/micahcochran/GeospatialTestData/languages,https://api.github.com/repos/micahcochran/GeospatialTestData/contributors,micahcochran,Alabama,1,Python,
micahcochran/GeospatialTestData,GeospatialTestData,User,2015-12-11T20:34:45Z,2015-12-11T20:44:27Z,2015-12-11T20:34:45Z,master,Geospatial Data that tests edge cases.,0,0,public,0,0,False,False,https://api.github.com/repos/micahcochran/GeospatialTestData/languages,https://api.github.com/repos/micahcochran/GeospatialTestData/contributors,micahcochran,Alabama,1,Shell,2322.0
micahcochran/GeospatialTestData,GeospatialTestData,User,2015-12-11T20:34:45Z,2015-12-11T20:44:27Z,2015-12-11T20:34:45Z,master,Geospatial Data that tests edge cases.,0,0,public,0,0,False,False,https://api.github.com/repos/micahcochran/GeospatialTestData/languages,https://api.github.com/repos/micahcochran/GeospatialTestData/contributors,micahcochran,Alabama,1,HTML,
micahcochran/GeospatialTestData,GeospatialTestData,User,2015-12-11T20:34:45Z,2015-12-11T20:44:27Z,2015-12-11T20:34:45Z,master,Geospatial Data that tests edge cases.,0,0,public,0,0,False,False,https://api.github.com/repos/micahcochran/GeospatialTestData/languages,https://api.github.com/repos/micahcochran/GeospatialTestData/contributors,micahcochran,Alabama,1,CSS,65231.0
micahcochran/GeospatialTestData,GeospatialTestData,User,2015-12-11T20:34:45Z,2015-12-11T20:44:27Z,2015-12-11T20:34:45Z,master,Geospatial Data that tests edge cases.,0,0,public,0,0,False,False,https://api.github.com/repos/micahcochran/GeospatialTestData/languages,https://api.github.com/repos/micahcochran/GeospatialTestData/contributors,micahcochran,Alabama,1,Jupyter Notebook,
micahcochran/GeospatialTestData,GeospatialTestData,User,2015-12-11T20:34:45Z,2015-12-11T20:44:27Z,2015-12-11T20:34:45Z,master,Geospatial Data that tests edge cases.,0,0,public,0,0,False,False,https://api.github.com/repos/micahcochran/GeospatialTestData/languages,https://api.github.com/repos/micahcochran/GeospatialTestData/contributors,micahcochran,Alabama,1,EJS,22085.0
micahcochran/hexo-theme-minima-micahcochran.net,hexo-theme-minima-micahcochran.net,User,2023-03-08T03:20:13Z,2023-03-08T03:29:32Z,2023-03-08T03:29:37Z,master,An undoubtedly simple and lightweight dark/light theme for Hexo.js,0,0,public,0,0,False,False,https://api.github.com/repos/micahcochran/hexo-theme-minima-micahcochran.net/languages,https://api.github.com/repos/micahcochran/hexo-theme-minima-micahcochran.net/contributors,micahcochran,Alabama,31,JavaScript,2911.0
micahcochran/hexo-theme-minima-micahcochran.net,hexo-theme-minima-micahcochran.net,User,2023-03-08T03:20:13Z,2023-03-08T03:29:32Z,2023-03-08T03:29:37Z,master,An undoubtedly simple and lightweight dark/light theme for Hexo.js,0,0,public,0,0,False,False,https://api.github.com/repos/micahcochran/hexo-theme-minima-micahcochran.net/languages,https://api.github.com/repos/micahcochran/hexo-theme-minima-micahcochran.net/contributors,micahcochran,Alabama,31,Less,
micahcochran/hexo-theme-minima-micahcochran.net,hexo-theme-minima-micahcochran.net,User,2023-03-08T03:20:13Z,2023-03-08T03:29:32Z,2023-03-08T03:29:37Z,master,An undoubtedly simple and lightweight dark/light theme for Hexo.js,0,0,public,0,0,False,False,https://api.github.com/repos/micahcochran/hexo-theme-minima-micahcochran.net/languages,https://api.github.com/repos/micahcochran/hexo-theme-minima-micahcochran.net/contributors,micahcochran,Alabama,31,Rust,
micahcochran/hexo-theme-minima-micahcochran.net,hexo-theme-minima-micahcochran.net,User,2023-03-08T03:20:13Z,2023-03-08T03:29:32Z,2023-03-08T03:29:37Z,master,An undoubtedly simple and lightweight dark/light theme for Hexo.js,0,0,public,0,0,False,False,https://api.github.com/repos/micahcochran/hexo-theme-minima-micahcochran.net/languages,https://api.github.com/repos/micahcochran/hexo-theme-minima-micahcochran.net/contributors,micahcochran,Alabama,31,Makefile,
micahcochran/hexo-theme-minima-micahcochran.net,hexo-theme-minima-micahcochran.net,User,2023-03-08T03:20:13Z,2023-03-08T03:29:32Z,2023-03-08T03:29:37Z,master,An undoubtedly simple and lightweight dark/light theme for Hexo.js,0,0,public,0,0,False,False,https://api.github.com/repos/micahcochran/hexo-theme-minima-micahcochran.net/languages,https://api.github.com/repos/micahcochran/hexo-theme-minima-micahcochran.net/contributors,micahcochran,Alabama,31,Python,
micahcochran/hexo-theme-minima-micahcochran.net,hexo-theme-minima-micahcochran.net,User,2023-03-08T03:20:13Z,2023-03-08T03:29:32Z,2023-03-08T03:29:37Z,master,An undoubtedly simple and lightweight dark/light theme for Hexo.js,0,0,public,0,0,False,False,https://api.github.com/repos/micahcochran/hexo-theme-minima-micahcochran.net/languages,https://api.github.com/repos/micahcochran/hexo-theme-minima-micahcochran.net/contributors,micahcochran,Alabama,31,Shell,
micahcochran/hexo-theme-minima-micahcochran.net,hexo-theme-minima-micahcochran.net,User,2023-03-08T03:20:13Z,2023-03-08T03:29:32Z,2023-03-08T03:29:37Z,master,An undoubtedly simple and lightweight dark/light theme for Hexo.js,0,0,public,0,0,False,False,https://api.github.com/repos/micahcochran/hexo-theme-minima-micahcochran.net/languages,https://api.github.com/repos/micahcochran/hexo-theme-minima-micahcochran.net/contributors,micahcochran,Alabama,31,HTML,1920.0
micahcochran/hexo-theme-minima-micahcochran.net,hexo-theme-minima-micahcochran.net,User,2023-03-08T03:20:13Z,2023-03-08T03:29:32Z,2023-03-08T03:29:37Z,master,An undoubtedly simple and lightweight dark/light theme for Hexo.js,0,0,public,0,0,False,False,https://api.github.com/repos/micahcochran/hexo-theme-minima-micahcochran.net/languages,https://api.github.com/repos/micahcochran/hexo-theme-minima-micahcochran.net/contributors,micahcochran,Alabama,31,CSS,1431.0
micahcochran/hexo-theme-minima-micahcochran.net,hexo-theme-minima-micahcochran.net,User,2023-03-08T03:20:13Z,2023-03-08T03:29:32Z,2023-03-08T03:29:37Z,master,An undoubtedly simple and lightweight dark/light theme for Hexo.js,0,0,public,0,0,False,False,https://api.github.com/repos/micahcochran/hexo-theme-minima-micahcochran.net/languages,https://api.github.com/repos/micahcochran/hexo-theme-minima-micahcochran.net/contributors,micahcochran,Alabama,31,Jupyter Notebook,
micahcochran/hexo-theme-minima-micahcochran.net,hexo-theme-minima-micahcochran.net,User,2023-03-08T03:20:13Z,2023-03-08T03:29:32Z,2023-03-08T03:29:37Z,master,An undoubtedly simple and lightweight dark/light theme for Hexo.js,0,0,public,0,0,False,False,https://api.github.com/repos/micahcochran/hexo-theme-minima-micahcochran.net/languages,https://api.github.com/repos/micahcochran/hexo-theme-minima-micahcochran.net/contributors,micahcochran,Alabama,31,EJS,
micahcochran/json-cookbook,json-cookbook,User,2021-07-29T20:56:48Z,2021-07-29T21:06:10Z,2023-08-24T18:17:46Z,main,This is a cookbook of (food) recipes in JSON using structured per schema.org/Recipe.,0,0,public,2,2,False,False,https://api.github.com/repos/micahcochran/json-cookbook/languages,https://api.github.com/repos/micahcochran/json-cookbook/contributors,micahcochran,Alabama,1,JavaScript,
micahcochran/json-cookbook,json-cookbook,User,2021-07-29T20:56:48Z,2021-07-29T21:06:10Z,2023-08-24T18:17:46Z,main,This is a cookbook of (food) recipes in JSON using structured per schema.org/Recipe.,0,0,public,2,2,False,False,https://api.github.com/repos/micahcochran/json-cookbook/languages,https://api.github.com/repos/micahcochran/json-cookbook/contributors,micahcochran,Alabama,1,Less,
micahcochran/json-cookbook,json-cookbook,User,2021-07-29T20:56:48Z,2021-07-29T21:06:10Z,2023-08-24T18:17:46Z,main,This is a cookbook of (food) recipes in JSON using structured per schema.org/Recipe.,0,0,public,2,2,False,False,https://api.github.com/repos/micahcochran/json-cookbook/languages,https://api.github.com/repos/micahcochran/json-cookbook/contributors,micahcochran,Alabama,1,Rust,
micahcochran/json-cookbook,json-cookbook,User,2021-07-29T20:56:48Z,2021-07-29T21:06:10Z,2023-08-24T18:17:46Z,main,This is a cookbook of (food) recipes in JSON using structured per schema.org/Recipe.,0,0,public,2,2,False,False,https://api.github.com/repos/micahcochran/json-cookbook/languages,https://api.github.com/repos/micahcochran/json-cookbook/contributors,micahcochran,Alabama,1,Makefile,
micahcochran/json-cookbook,json-cookbook,User,2021-07-29T20:56:48Z,2021-07-29T21:06:10Z,2023-08-24T18:17:46Z,main,This is a cookbook of (food) recipes in JSON using structured per schema.org/Recipe.,0,0,public,2,2,False,False,https://api.github.com/repos/micahcochran/json-cookbook/languages,https://api.github.com/repos/micahcochran/json-cookbook/contributors,micahcochran,Alabama,1,Python,35401.0
micahcochran/json-cookbook,json-cookbook,User,2021-07-29T20:56:48Z,2021-07-29T21:06:10Z,2023-08-24T18:17:46Z,main,This is a cookbook of (food) recipes in JSON using structured per schema.org/Recipe.,0,0,public,2,2,False,False,https://api.github.com/repos/micahcochran/json-cookbook/languages,https://api.github.com/repos/micahcochran/json-cookbook/contributors,micahcochran,Alabama,1,Shell,
micahcochran/json-cookbook,json-cookbook,User,2021-07-29T20:56:48Z,2021-07-29T21:06:10Z,2023-08-24T18:17:46Z,main,This is a cookbook of (food) recipes in JSON using structured per schema.org/Recipe.,0,0,public,2,2,False,False,https://api.github.com/repos/micahcochran/json-cookbook/languages,https://api.github.com/repos/micahcochran/json-cookbook/contributors,micahcochran,Alabama,1,HTML,
micahcochran/json-cookbook,json-cookbook,User,2021-07-29T20:56:48Z,2021-07-29T21:06:10Z,2023-08-24T18:17:46Z,main,This is a cookbook of (food) recipes in JSON using structured per schema.org/Recipe.,0,0,public,2,2,False,False,https://api.github.com/repos/micahcochran/json-cookbook/languages,https://api.github.com/repos/micahcochran/json-cookbook/contributors,micahcochran,Alabama,1,CSS,
micahcochran/json-cookbook,json-cookbook,User,2021-07-29T20:56:48Z,2021-07-29T21:06:10Z,2023-08-24T18:17:46Z,main,This is a cookbook of (food) recipes in JSON using structured per schema.org/Recipe.,0,0,public,2,2,False,False,https://api.github.com/repos/micahcochran/json-cookbook/languages,https://api.github.com/repos/micahcochran/json-cookbook/contributors,micahcochran,Alabama,1,Jupyter Notebook,
micahcochran/json-cookbook,json-cookbook,User,2021-07-29T20:56:48Z,2021-07-29T21:06:10Z,2023-08-24T18:17:46Z,main,This is a cookbook of (food) recipes in JSON using structured per schema.org/Recipe.,0,0,public,2,2,False,False,https://api.github.com/repos/micahcochran/json-cookbook/languages,https://api.github.com/repos/micahcochran/json-cookbook/contributors,micahcochran,Alabama,1,EJS,
micahcochran/micahcochran.net,micahcochran.net,User,2020-08-25T18:31:42Z,2023-08-28T21:00:22Z,2023-04-18T01:50:05Z,main,Markdown source (hexo) for resume and portfolio website.,0,0,public,0,0,False,False,https://api.github.com/repos/micahcochran/micahcochran.net/languages,https://api.github.com/repos/micahcochran/micahcochran.net/contributors,micahcochran,Alabama,58,JavaScript,
micahcochran/micahcochran.net,micahcochran.net,User,2020-08-25T18:31:42Z,2023-08-28T21:00:22Z,2023-04-18T01:50:05Z,main,Markdown source (hexo) for resume and portfolio website.,0,0,public,0,0,False,False,https://api.github.com/repos/micahcochran/micahcochran.net/languages,https://api.github.com/repos/micahcochran/micahcochran.net/contributors,micahcochran,Alabama,58,Less,
micahcochran/micahcochran.net,micahcochran.net,User,2020-08-25T18:31:42Z,2023-08-28T21:00:22Z,2023-04-18T01:50:05Z,main,Markdown source (hexo) for resume and portfolio website.,0,0,public,0,0,False,False,https://api.github.com/repos/micahcochran/micahcochran.net/languages,https://api.github.com/repos/micahcochran/micahcochran.net/contributors,micahcochran,Alabama,58,Rust,
micahcochran/micahcochran.net,micahcochran.net,User,2020-08-25T18:31:42Z,2023-08-28T21:00:22Z,2023-04-18T01:50:05Z,main,Markdown source (hexo) for resume and portfolio website.,0,0,public,0,0,False,False,https://api.github.com/repos/micahcochran/micahcochran.net/languages,https://api.github.com/repos/micahcochran/micahcochran.net/contributors,micahcochran,Alabama,58,Makefile,
micahcochran/micahcochran.net,micahcochran.net,User,2020-08-25T18:31:42Z,2023-08-28T21:00:22Z,2023-04-18T01:50:05Z,main,Markdown source (hexo) for resume and portfolio website.,0,0,public,0,0,False,False,https://api.github.com/repos/micahcochran/micahcochran.net/languages,https://api.github.com/repos/micahcochran/micahcochran.net/contributors,micahcochran,Alabama,58,Python,689067.0
micahcochran/micahcochran.net,micahcochran.net,User,2020-08-25T18:31:42Z,2023-08-28T21:00:22Z,2023-04-18T01:50:05Z,main,Markdown source (hexo) for resume and portfolio website.,0,0,public,0,0,False,False,https://api.github.com/repos/micahcochran/micahcochran.net/languages,https://api.github.com/repos/micahcochran/micahcochran.net/contributors,micahcochran,Alabama,58,Shell,
micahcochran/micahcochran.net,micahcochran.net,User,2020-08-25T18:31:42Z,2023-08-28T21:00:22Z,2023-04-18T01:50:05Z,main,Markdown source (hexo) for resume and portfolio website.,0,0,public,0,0,False,False,https://api.github.com/repos/micahcochran/micahcochran.net/languages,https://api.github.com/repos/micahcochran/micahcochran.net/contributors,micahcochran,Alabama,58,HTML,
micahcochran/micahcochran.net,micahcochran.net,User,2020-08-25T18:31:42Z,2023-08-28T21:00:22Z,2023-04-18T01:50:05Z,main,Markdown source (hexo) for resume and portfolio website.,0,0,public,0,0,False,False,https://api.github.com/repos/micahcochran/micahcochran.net/languages,https://api.github.com/repos/micahcochran/micahcochran.net/contributors,micahcochran,Alabama,58,CSS,
micahcochran/micahcochran.net,micahcochran.net,User,2020-08-25T18:31:42Z,2023-08-28T21:00:22Z,2023-04-18T01:50:05Z,main,Markdown source (hexo) for resume and portfolio website.,0,0,public,0,0,False,False,https://api.github.com/repos/micahcochran/micahcochran.net/languages,https://api.github.com/repos/micahcochran/micahcochran.net/contributors,micahcochran,Alabama,58,Jupyter Notebook,
micahcochran/micahcochran.net,micahcochran.net,User,2020-08-25T18:31:42Z,2023-08-28T21:00:22Z,2023-04-18T01:50:05Z,main,Markdown source (hexo) for resume and portfolio website.,0,0,public,0,0,False,False,https://api.github.com/repos/micahcochran/micahcochran.net/languages,https://api.github.com/repos/micahcochran/micahcochran.net/contributors,micahcochran,Alabama,58,EJS,
micahcochran/OldSkuleBingo,OldSkuleBingo,User,2023-03-17T01:49:28Z,2023-03-22T20:33:13Z,2023-03-21T12:37:47Z,main,Bingo Game Card - mildly-NSFW,0,0,public,0,0,False,False,https://api.github.com/repos/micahcochran/OldSkuleBingo/languages,https://api.github.com/repos/micahcochran/OldSkuleBingo/contributors,micahcochran,Alabama,5,JavaScript,
micahcochran/OldSkuleBingo,OldSkuleBingo,User,2023-03-17T01:49:28Z,2023-03-22T20:33:13Z,2023-03-21T12:37:47Z,main,Bingo Game Card - mildly-NSFW,0,0,public,0,0,False,False,https://api.github.com/repos/micahcochran/OldSkuleBingo/languages,https://api.github.com/repos/micahcochran/OldSkuleBingo/contributors,micahcochran,Alabama,5,Less,
micahcochran/OldSkuleBingo,OldSkuleBingo,User,2023-03-17T01:49:28Z,2023-03-22T20:33:13Z,2023-03-21T12:37:47Z,main,Bingo Game Card - mildly-NSFW,0,0,public,0,0,False,False,https://api.github.com/repos/micahcochran/OldSkuleBingo/languages,https://api.github.com/repos/micahcochran/OldSkuleBingo/contributors,micahcochran,Alabama,5,Rust,
micahcochran/OldSkuleBingo,OldSkuleBingo,User,2023-03-17T01:49:28Z,2023-03-22T20:33:13Z,2023-03-21T12:37:47Z,main,Bingo Game Card - mildly-NSFW,0,0,public,0,0,False,False,https://api.github.com/repos/micahcochran/OldSkuleBingo/languages,https://api.github.com/repos/micahcochran/OldSkuleBingo/contributors,micahcochran,Alabama,5,Makefile,752.0
micahcochran/OldSkuleBingo,OldSkuleBingo,User,2023-03-17T01:49:28Z,2023-03-22T20:33:13Z,2023-03-21T12:37:47Z,main,Bingo Game Card - mildly-NSFW,0,0,public,0,0,False,False,https://api.github.com/repos/micahcochran/OldSkuleBingo/languages,https://api.github.com/repos/micahcochran/OldSkuleBingo/contributors,micahcochran,Alabama,5,Python,31551.0
micahcochran/OldSkuleBingo,OldSkuleBingo,User,2023-03-17T01:49:28Z,2023-03-22T20:33:13Z,2023-03-21T12:37:47Z,main,Bingo Game Card - mildly-NSFW,0,0,public,0,0,False,False,https://api.github.com/repos/micahcochran/OldSkuleBingo/languages,https://api.github.com/repos/micahcochran/OldSkuleBingo/contributors,micahcochran,Alabama,5,Shell,
micahcochran/OldSkuleBingo,OldSkuleBingo,User,2023-03-17T01:49:28Z,2023-03-22T20:33:13Z,2023-03-21T12:37:47Z,main,Bingo Game Card - mildly-NSFW,0,0,public,0,0,False,False,https://api.github.com/repos/micahcochran/OldSkuleBingo/languages,https://api.github.com/repos/micahcochran/OldSkuleBingo/contributors,micahcochran,Alabama,5,HTML,
micahcochran/OldSkuleBingo,OldSkuleBingo,User,2023-03-17T01:49:28Z,2023-03-22T20:33:13Z,2023-03-21T12:37:47Z,main,Bingo Game Card - mildly-NSFW,0,0,public,0,0,False,False,https://api.github.com/repos/micahcochran/OldSkuleBingo/languages,https://api.github.com/repos/micahcochran/OldSkuleBingo/contributors,micahcochran,Alabama,5,CSS,
micahcochran/OldSkuleBingo,OldSkuleBingo,User,2023-03-17T01:49:28Z,2023-03-22T20:33:13Z,2023-03-21T12:37:47Z,main,Bingo Game Card - mildly-NSFW,0,0,public,0,0,False,False,https://api.github.com/repos/micahcochran/OldSkuleBingo/languages,https://api.github.com/repos/micahcochran/OldSkuleBingo/contributors,micahcochran,Alabama,5,Jupyter Notebook,
micahcochran/OldSkuleBingo,OldSkuleBingo,User,2023-03-17T01:49:28Z,2023-03-22T20:33:13Z,2023-03-21T12:37:47Z,main,Bingo Game Card - mildly-NSFW,0,0,public,0,0,False,False,https://api.github.com/repos/micahcochran/OldSkuleBingo/languages,https://api.github.com/repos/micahcochran/OldSkuleBingo/contributors,micahcochran,Alabama,5,EJS,
micahcochran/recipe-crawler,recipe-crawler,User,2021-06-05T20:21:09Z,2023-09-27T16:55:47Z,2023-09-27T16:46:39Z,master,CLI web crawler that creates a cookbook from recipes found on websites.,1,1,public,2,2,False,False,https://api.github.com/repos/micahcochran/recipe-crawler/languages,https://api.github.com/repos/micahcochran/recipe-crawler/contributors,micahcochran,Alabama,12,JavaScript,
micahcochran/recipe-crawler,recipe-crawler,User,2021-06-05T20:21:09Z,2023-09-27T16:55:47Z,2023-09-27T16:46:39Z,master,CLI web crawler that creates a cookbook from recipes found on websites.,1,1,public,2,2,False,False,https://api.github.com/repos/micahcochran/recipe-crawler/languages,https://api.github.com/repos/micahcochran/recipe-crawler/contributors,micahcochran,Alabama,12,Less,
micahcochran/recipe-crawler,recipe-crawler,User,2021-06-05T20:21:09Z,2023-09-27T16:55:47Z,2023-09-27T16:46:39Z,master,CLI web crawler that creates a cookbook from recipes found on websites.,1,1,public,2,2,False,False,https://api.github.com/repos/micahcochran/recipe-crawler/languages,https://api.github.com/repos/micahcochran/recipe-crawler/contributors,micahcochran,Alabama,12,Rust,
micahcochran/recipe-crawler,recipe-crawler,User,2021-06-05T20:21:09Z,2023-09-27T16:55:47Z,2023-09-27T16:46:39Z,master,CLI web crawler that creates a cookbook from recipes found on websites.,1,1,public,2,2,False,False,https://api.github.com/repos/micahcochran/recipe-crawler/languages,https://api.github.com/repos/micahcochran/recipe-crawler/contributors,micahcochran,Alabama,12,Makefile,
micahcochran/recipe-crawler,recipe-crawler,User,2021-06-05T20:21:09Z,2023-09-27T16:55:47Z,2023-09-27T16:46:39Z,master,CLI web crawler that creates a cookbook from recipes found on websites.,1,1,public,2,2,False,False,https://api.github.com/repos/micahcochran/recipe-crawler/languages,https://api.github.com/repos/micahcochran/recipe-crawler/contributors,micahcochran,Alabama,12,Python,37578.0
micahcochran/recipe-crawler,recipe-crawler,User,2021-06-05T20:21:09Z,2023-09-27T16:55:47Z,2023-09-27T16:46:39Z,master,CLI web crawler that creates a cookbook from recipes found on websites.,1,1,public,2,2,False,False,https://api.github.com/repos/micahcochran/recipe-crawler/languages,https://api.github.com/repos/micahcochran/recipe-crawler/contributors,micahcochran,Alabama,12,Shell,
micahcochran/recipe-crawler,recipe-crawler,User,2021-06-05T20:21:09Z,2023-09-27T16:55:47Z,2023-09-27T16:46:39Z,master,CLI web crawler that creates a cookbook from recipes found on websites.,1,1,public,2,2,False,False,https://api.github.com/repos/micahcochran/recipe-crawler/languages,https://api.github.com/repos/micahcochran/recipe-crawler/contributors,micahcochran,Alabama,12,HTML,
micahcochran/recipe-crawler,recipe-crawler,User,2021-06-05T20:21:09Z,2023-09-27T16:55:47Z,2023-09-27T16:46:39Z,master,CLI web crawler that creates a cookbook from recipes found on websites.,1,1,public,2,2,False,False,https://api.github.com/repos/micahcochran/recipe-crawler/languages,https://api.github.com/repos/micahcochran/recipe-crawler/contributors,micahcochran,Alabama,12,CSS,
micahcochran/recipe-crawler,recipe-crawler,User,2021-06-05T20:21:09Z,2023-09-27T16:55:47Z,2023-09-27T16:46:39Z,master,CLI web crawler that creates a cookbook from recipes found on websites.,1,1,public,2,2,False,False,https://api.github.com/repos/micahcochran/recipe-crawler/languages,https://api.github.com/repos/micahcochran/recipe-crawler/contributors,micahcochran,Alabama,12,Jupyter Notebook,
micahcochran/recipe-crawler,recipe-crawler,User,2021-06-05T20:21:09Z,2023-09-27T16:55:47Z,2023-09-27T16:46:39Z,master,CLI web crawler that creates a cookbook from recipes found on websites.,1,1,public,2,2,False,False,https://api.github.com/repos/micahcochran/recipe-crawler/languages,https://api.github.com/repos/micahcochran/recipe-crawler/contributors,micahcochran,Alabama,12,EJS,
